period,market,operator_id,metric_id,value,basis_matches_dictionary,basis_note,source_type,source_url,source_page,entered_on,status
FY2025,AT,a1-at,revenue,2745,yes,,A1 Annual Financial Report 2025,https://a1.com/wp-content/uploads/sites/6/2026/03/A1-Telekom-Austria-Group-Annual-financial-report-2025.pdf,"Segment tables, p.11-18",2026-09-09,REAL
FY2025,AT,a1-at,service_revenue,2415,yes,,A1 Annual Financial Report 2025,https://a1.com/wp-content/uploads/sites/6/2026/03/A1-Telekom-Austria-Group-Annual-financial-report-2025.pdf,"Segment tables, p.11-18",2026-09-09,REAL
FY2025,AT,a1-at,ebitda,988,yes,,A1 Annual Financial Report 2025,https://a1.com/wp-content/uploads/sites/6/2026/03/A1-Telekom-Austria-Group-Annual-financial-report-2025.pdf,"Segment tables, p.11-18",2026-09-09,REAL
FY2025,AT,a1-at,ebitdaal,754,yes,,A1 Annual Financial Report 2025,https://a1.com/wp-content/uploads/sites/6/2026/03/A1-Telekom-Austria-Group-Annual-financial-report-2025.pdf,"Segment tables, p.11-18",2026-09-09,REAL
FY2025,AT,a1-at,ebit,305,yes,,A1 Annual Financial Report 2025,https://a1.com/wp-content/uploads/sites/6/2026/03/A1-Telekom-Austria-Group-Annual-financial-report-2025.pdf,"Segment tables, p.11-18",2026-09-09,REAL
FY2025,AT,a1-at,capex,445,yes,,A1 Annual Financial Report 2025,https://a1.com/wp-content/uploads/sites/6/2026/03/A1-Telekom-Austria-Group-Annual-financial-report-2025.pdf,"Segment tables, p.11-18",2026-09-09,REAL
FY2025,AT,a1-at,ebitda_margin,36.0,yes,,A1 Annual Financial Report 2025,https://a1.com/wp-content/uploads/sites/6/2026/03/A1-Telekom-Austria-Group-Annual-financial-report-2025.pdf,"Segment tables, p.11-18",2026-09-09,REAL
FY2025,AT,a1-at,ebitdaal_margin,27.5,yes,,A1 Annual Financial Report 2025,https://a1.com/wp-content/uploads/sites/6/2026/03/A1-Telekom-Austria-Group-Annual-financial-report-2025.pdf,"Segment tables, p.11-18",2026-09-09,REAL
FY2025,AT,a1-at,ebit_margin,11.1,yes,,A1 Annual Financial Report 2025,https://a1.com/wp-content/uploads/sites/6/2026/03/A1-Telekom-Austria-Group-Annual-financial-report-2025.pdf,"Segment tables, p.11-18",2026-09-09,REAL
FY2025,AT,a1-at,capex_intensity,16.2,yes,,A1 Annual Financial Report 2025,https://a1.com/wp-content/uploads/sites/6/2026/03/A1-Telekom-Austria-Group-Annual-financial-report-2025.pdf,"Segment tables, p.11-18",2026-09-09,REAL
FY2025,AT,a1-at,opfcf_margin,11.3,yes,derived: (EBITDAaL - capex) / revenue,A1 Annual Financial Report 2025,https://a1.com/wp-content/uploads/sites/6/2026/03/A1-Telekom-Austria-Group-Annual-financial-report-2025.pdf,"Segment tables, p.11-18",2026-09-09,REAL
FY2025,AT,a1-at,opex_proxy,1757,yes,derived: revenue - EBITDA,A1 Annual Financial Report 2025,https://a1.com/wp-content/uploads/sites/6/2026/03/A1-Telekom-Austria-Group-Annual-financial-report-2025.pdf,"Segment tables, p.11-18",2026-09-09,REAL
FY2025,AT,a1-at,mobile_subs,5202,yes,,A1 Annual Financial Report 2025,https://a1.com/wp-content/uploads/sites/6/2026/03/A1-Telekom-Austria-Group-Annual-financial-report-2025.pdf,"Segment tables, p.11-18",2026-09-09,REAL
FY2024,AT,a1-at,revenue,2807,yes,,A1 Annual Financial Report 2025,https://a1.com/wp-content/uploads/sites/6/2026/03/A1-Telekom-Austria-Group-Annual-financial-report-2025.pdf,"Segment tables, p.11-18",2026-09-09,REAL
FY2024,AT,a1-at,service_revenue,2487,yes,,A1 Annual Financial Report 2025,https://a1.com/wp-content/uploads/sites/6/2026/03/A1-Telekom-Austria-Group-Annual-financial-report-2025.pdf,"Segment tables, p.11-18",2026-09-09,REAL
FY2024,AT,a1-at,ebitda,1039,yes,,A1 Annual Financial Report 2025,https://a1.com/wp-content/uploads/sites/6/2026/03/A1-Telekom-Austria-Group-Annual-financial-report-2025.pdf,"Segment tables, p.11-18",2026-09-09,REAL
FY2024,AT,a1-at,ebitdaal,811,yes,,A1 Annual Financial Report 2025,https://a1.com/wp-content/uploads/sites/6/2026/03/A1-Telekom-Austria-Group-Annual-financial-report-2025.pdf,"Segment tables, p.11-18",2026-09-09,REAL
FY2024,AT,a1-at,ebit,387,yes,,A1 Annual Financial Report 2025,https://a1.com/wp-content/uploads/sites/6/2026/03/A1-Telekom-Austria-Group-Annual-financial-report-2025.pdf,"Segment tables, p.11-18",2026-09-09,REAL
FY2024,AT,a1-at,capex,524,yes,,A1 Annual Financial Report 2025,https://a1.com/wp-content/uploads/sites/6/2026/03/A1-Telekom-Austria-Group-Annual-financial-report-2025.pdf,"Segment tables, p.11-18",2026-09-09,REAL
FY2024,AT,a1-at,ebitda_margin,37.0,yes,,A1 Annual Financial Report 2025,https://a1.com/wp-content/uploads/sites/6/2026/03/A1-Telekom-Austria-Group-Annual-financial-report-2025.pdf,"Segment tables, p.11-18",2026-09-09,REAL
FY2024,AT,a1-at,ebitdaal_margin,28.9,yes,,A1 Annual Financial Report 2025,https://a1.com/wp-content/uploads/sites/6/2026/03/A1-Telekom-Austria-Group-Annual-financial-report-2025.pdf,"Segment tables, p.11-18",2026-09-09,REAL
FY2024,AT,a1-at,ebit_margin,13.8,yes,,A1 Annual Financial Report 2025,https://a1.com/wp-content/uploads/sites/6/2026/03/A1-Telekom-Austria-Group-Annual-financial-report-2025.pdf,"Segment tables, p.11-18",2026-09-09,REAL
FY2024,AT,a1-at,capex_intensity,18.7,yes,,A1 Annual Financial Report 2025,https://a1.com/wp-content/uploads/sites/6/2026/03/A1-Telekom-Austria-Group-Annual-financial-report-2025.pdf,"Segment tables, p.11-18",2026-09-09,REAL
FY2024,AT,a1-at,opfcf_margin,10.2,yes,derived: (EBITDAaL - capex) / revenue,A1 Annual Financial Report 2025,https://a1.com/wp-content/uploads/sites/6/2026/03/A1-Telekom-Austria-Group-Annual-financial-report-2025.pdf,"Segment tables, p.11-18",2026-09-09,REAL
FY2024,AT,a1-at,opex_proxy,1768,yes,derived: revenue - EBITDA,A1 Annual Financial Report 2025,https://a1.com/wp-content/uploads/sites/6/2026/03/A1-Telekom-Austria-Group-Annual-financial-report-2025.pdf,"Segment tables, p.11-18",2026-09-09,REAL
FY2024,AT,a1-at,mobile_subs,5131,yes,,A1 Annual Financial Report 2025,https://a1.com/wp-content/uploads/sites/6/2026/03/A1-Telekom-Austria-Group-Annual-financial-report-2025.pdf,"Segment tables, p.11-18",2026-09-09,REAL
FY2025,AT,a1-at,revenue_growth,-2.2,yes,,A1 Annual Financial Report 2025,https://a1.com/wp-content/uploads/sites/6/2026/03/A1-Telekom-Austria-Group-Annual-financial-report-2025.pdf,Segment tables,2026-09-09,REAL
FY2025,AT,a1-at,service_revenue_growth,-2.9,yes,,A1 Annual Financial Report 2025,https://a1.com/wp-content/uploads/sites/6/2026/03/A1-Telekom-Austria-Group-Annual-financial-report-2025.pdf,Segment tables,2026-09-09,REAL
FY2025,AT,a1-at,ebitdaal_growth,-7.0,yes,,A1 Annual Financial Report 2025,https://a1.com/wp-content/uploads/sites/6/2026/03/A1-Telekom-Austria-Group-Annual-financial-report-2025.pdf,Segment tables,2026-09-09,REAL
FY2025,BG,a1-bg,revenue,895,yes,,A1 Annual Financial Report 2025,https://a1.com/wp-content/uploads/sites/6/2026/03/A1-Telekom-Austria-Group-Annual-financial-report-2025.pdf,"Segment tables, p.11-18",2026-09-09,REAL
FY2025,BG,a1-bg,service_revenue,676,yes,,A1 Annual Financial Report 2025,https://a1.com/wp-content/uploads/sites/6/2026/03/A1-Telekom-Austria-Group-Annual-financial-report-2025.pdf,"Segment tables, p.11-18",2026-09-09,REAL
FY2025,BG,a1-bg,ebitda,371,yes,,A1 Annual Financial Report 2025,https://a1.com/wp-content/uploads/sites/6/2026/03/A1-Telekom-Austria-Group-Annual-financial-report-2025.pdf,"Segment tables, p.11-18",2026-09-09,REAL
FY2025,BG,a1-bg,ebitdaal,314,yes,,A1 Annual Financial Report 2025,https://a1.com/wp-content/uploads/sites/6/2026/03/A1-Telekom-Austria-Group-Annual-financial-report-2025.pdf,"Segment tables, p.11-18",2026-09-09,REAL
FY2025,BG,a1-bg,ebit,211,yes,,A1 Annual Financial Report 2025,https://a1.com/wp-content/uploads/sites/6/2026/03/A1-Telekom-Austria-Group-Annual-financial-report-2025.pdf,"Segment tables, p.11-18",2026-09-09,REAL
FY2025,BG,a1-bg,capex,113,yes,,A1 Annual Financial Report 2025,https://a1.com/wp-content/uploads/sites/6/2026/03/A1-Telekom-Austria-Group-Annual-financial-report-2025.pdf,"Segment tables, p.11-18",2026-09-09,REAL
FY2025,BG,a1-bg,ebitda_margin,41.5,yes,,A1 Annual Financial Report 2025,https://a1.com/wp-content/uploads/sites/6/2026/03/A1-Telekom-Austria-Group-Annual-financial-report-2025.pdf,"Segment tables, p.11-18",2026-09-09,REAL
FY2025,BG,a1-bg,ebitdaal_margin,35.1,yes,,A1 Annual Financial Report 2025,https://a1.com/wp-content/uploads/sites/6/2026/03/A1-Telekom-Austria-Group-Annual-financial-report-2025.pdf,"Segment tables, p.11-18",2026-09-09,REAL
FY2025,BG,a1-bg,ebit_margin,23.6,yes,,A1 Annual Financial Report 2025,https://a1.com/wp-content/uploads/sites/6/2026/03/A1-Telekom-Austria-Group-Annual-financial-report-2025.pdf,"Segment tables, p.11-18",2026-09-09,REAL
FY2025,BG,a1-bg,capex_intensity,12.6,yes,,A1 Annual Financial Report 2025,https://a1.com/wp-content/uploads/sites/6/2026/03/A1-Telekom-Austria-Group-Annual-financial-report-2025.pdf,"Segment tables, p.11-18",2026-09-09,REAL
FY2025,BG,a1-bg,opfcf_margin,22.5,yes,derived: (EBITDAaL - capex) / revenue,A1 Annual Financial Report 2025,https://a1.com/wp-content/uploads/sites/6/2026/03/A1-Telekom-Austria-Group-Annual-financial-report-2025.pdf,"Segment tables, p.11-18",2026-09-09,REAL
FY2025,BG,a1-bg,opex_proxy,524,yes,derived: revenue - EBITDA,A1 Annual Financial Report 2025,https://a1.com/wp-content/uploads/sites/6/2026/03/A1-Telekom-Austria-Group-Annual-financial-report-2025.pdf,"Segment tables, p.11-18",2026-09-09,REAL
FY2024,BG,a1-bg,revenue,821,yes,,A1 Annual Financial Report 2025,https://a1.com/wp-content/uploads/sites/6/2026/03/A1-Telekom-Austria-Group-Annual-financial-report-2025.pdf,"Segment tables, p.11-18",2026-09-09,REAL
FY2024,BG,a1-bg,service_revenue,625,yes,,A1 Annual Financial Report 2025,https://a1.com/wp-content/uploads/sites/6/2026/03/A1-Telekom-Austria-Group-Annual-financial-report-2025.pdf,"Segment tables, p.11-18",2026-09-09,REAL
FY2024,BG,a1-bg,ebitda,341,yes,,A1 Annual Financial Report 2025,https://a1.com/wp-content/uploads/sites/6/2026/03/A1-Telekom-Austria-Group-Annual-financial-report-2025.pdf,"Segment tables, p.11-18",2026-09-09,REAL
FY2024,BG,a1-bg,ebitdaal,286,yes,,A1 Annual Financial Report 2025,https://a1.com/wp-content/uploads/sites/6/2026/03/A1-Telekom-Austria-Group-Annual-financial-report-2025.pdf,"Segment tables, p.11-18",2026-09-09,REAL
FY2024,BG,a1-bg,ebit,187,yes,,A1 Annual Financial Report 2025,https://a1.com/wp-content/uploads/sites/6/2026/03/A1-Telekom-Austria-Group-Annual-financial-report-2025.pdf,"Segment tables, p.11-18",2026-09-09,REAL
FY2024,BG,a1-bg,capex,121,yes,,A1 Annual Financial Report 2025,https://a1.com/wp-content/uploads/sites/6/2026/03/A1-Telekom-Austria-Group-Annual-financial-report-2025.pdf,"Segment tables, p.11-18",2026-09-09,REAL
FY2024,BG,a1-bg,ebitda_margin,41.5,yes,,A1 Annual Financial Report 2025,https://a1.com/wp-content/uploads/sites/6/2026/03/A1-Telekom-Austria-Group-Annual-financial-report-2025.pdf,"Segment tables, p.11-18",2026-09-09,REAL
FY2024,BG,a1-bg,ebitdaal_margin,34.8,yes,,A1 Annual Financial Report 2025,https://a1.com/wp-content/uploads/sites/6/2026/03/A1-Telekom-Austria-Group-Annual-financial-report-2025.pdf,"Segment tables, p.11-18",2026-09-09,REAL
FY2024,BG,a1-bg,ebit_margin,22.8,yes,,A1 Annual Financial Report 2025,https://a1.com/wp-content/uploads/sites/6/2026/03/A1-Telekom-Austria-Group-Annual-financial-report-2025.pdf,"Segment tables, p.11-18",2026-09-09,REAL
FY2024,BG,a1-bg,capex_intensity,14.7,yes,,A1 Annual Financial Report 2025,https://a1.com/wp-content/uploads/sites/6/2026/03/A1-Telekom-Austria-Group-Annual-financial-report-2025.pdf,"Segment tables, p.11-18",2026-09-09,REAL
FY2024,BG,a1-bg,opfcf_margin,20.1,yes,derived: (EBITDAaL - capex) / revenue,A1 Annual Financial Report 2025,https://a1.com/wp-content/uploads/sites/6/2026/03/A1-Telekom-Austria-Group-Annual-financial-report-2025.pdf,"Segment tables, p.11-18",2026-09-09,REAL
FY2024,BG,a1-bg,opex_proxy,480,yes,derived: revenue - EBITDA,A1 Annual Financial Report 2025,https://a1.com/wp-content/uploads/sites/6/2026/03/A1-Telekom-Austria-Group-Annual-financial-report-2025.pdf,"Segment tables, p.11-18",2026-09-09,REAL
FY2025,BG,a1-bg,revenue_growth,9.0,yes,,A1 Annual Financial Report 2025,https://a1.com/wp-content/uploads/sites/6/2026/03/A1-Telekom-Austria-Group-Annual-financial-report-2025.pdf,Segment tables,2026-09-09,REAL
FY2025,BG,a1-bg,service_revenue_growth,8.2,yes,,A1 Annual Financial Report 2025,https://a1.com/wp-content/uploads/sites/6/2026/03/A1-Telekom-Austria-Group-Annual-financial-report-2025.pdf,Segment tables,2026-09-09,REAL
FY2025,BG,a1-bg,ebitdaal_growth,9.8,yes,,A1 Annual Financial Report 2025,https://a1.com/wp-content/uploads/sites/6/2026/03/A1-Telekom-Austria-Group-Annual-financial-report-2025.pdf,Segment tables,2026-09-09,REAL
FY2025,HR,a1-hr,revenue,592,yes,,A1 Annual Financial Report 2025,https://a1.com/wp-content/uploads/sites/6/2026/03/A1-Telekom-Austria-Group-Annual-financial-report-2025.pdf,"Segment tables, p.11-18",2026-09-09,REAL
FY2025,HR,a1-hr,service_revenue,490,yes,,A1 Annual Financial Report 2025,https://a1.com/wp-content/uploads/sites/6/2026/03/A1-Telekom-Austria-Group-Annual-financial-report-2025.pdf,"Segment tables, p.11-18",2026-09-09,REAL
FY2025,HR,a1-hr,ebitda,239,yes,,A1 Annual Financial Report 2025,https://a1.com/wp-content/uploads/sites/6/2026/03/A1-Telekom-Austria-Group-Annual-financial-report-2025.pdf,"Segment tables, p.11-18",2026-09-09,REAL
FY2025,HR,a1-hr,ebitdaal,199,yes,,A1 Annual Financial Report 2025,https://a1.com/wp-content/uploads/sites/6/2026/03/A1-Telekom-Austria-Group-Annual-financial-report-2025.pdf,"Segment tables, p.11-18",2026-09-09,REAL
FY2025,HR,a1-hr,ebit,109,yes,,A1 Annual Financial Report 2025,https://a1.com/wp-content/uploads/sites/6/2026/03/A1-Telekom-Austria-Group-Annual-financial-report-2025.pdf,"Segment tables, p.11-18",2026-09-09,REAL
FY2025,HR,a1-hr,capex,80,yes,,A1 Annual Financial Report 2025,https://a1.com/wp-content/uploads/sites/6/2026/03/A1-Telekom-Austria-Group-Annual-financial-report-2025.pdf,"Segment tables, p.11-18",2026-09-09,REAL
FY2025,HR,a1-hr,ebitda_margin,40.4,yes,,A1 Annual Financial Report 2025,https://a1.com/wp-content/uploads/sites/6/2026/03/A1-Telekom-Austria-Group-Annual-financial-report-2025.pdf,"Segment tables, p.11-18",2026-09-09,REAL
FY2025,HR,a1-hr,ebitdaal_margin,33.6,yes,,A1 Annual Financial Report 2025,https://a1.com/wp-content/uploads/sites/6/2026/03/A1-Telekom-Austria-Group-Annual-financial-report-2025.pdf,"Segment tables, p.11-18",2026-09-09,REAL
FY2025,HR,a1-hr,ebit_margin,18.4,yes,,A1 Annual Financial Report 2025,https://a1.com/wp-content/uploads/sites/6/2026/03/A1-Telekom-Austria-Group-Annual-financial-report-2025.pdf,"Segment tables, p.11-18",2026-09-09,REAL
FY2025,HR,a1-hr,capex_intensity,13.5,yes,,A1 Annual Financial Report 2025,https://a1.com/wp-content/uploads/sites/6/2026/03/A1-Telekom-Austria-Group-Annual-financial-report-2025.pdf,"Segment tables, p.11-18",2026-09-09,REAL
FY2025,HR,a1-hr,opfcf_margin,20.1,yes,derived: (EBITDAaL - capex) / revenue,A1 Annual Financial Report 2025,https://a1.com/wp-content/uploads/sites/6/2026/03/A1-Telekom-Austria-Group-Annual-financial-report-2025.pdf,"Segment tables, p.11-18",2026-09-09,REAL
FY2025,HR,a1-hr,opex_proxy,353,yes,derived: revenue - EBITDA,A1 Annual Financial Report 2025,https://a1.com/wp-content/uploads/sites/6/2026/03/A1-Telekom-Austria-Group-Annual-financial-report-2025.pdf,"Segment tables, p.11-18",2026-09-09,REAL
FY2024,HR,a1-hr,revenue,570,yes,,A1 Annual Financial Report 2025,https://a1.com/wp-content/uploads/sites/6/2026/03/A1-Telekom-Austria-Group-Annual-financial-report-2025.pdf,"Segment tables, p.11-18",2026-09-09,REAL
FY2024,HR,a1-hr,service_revenue,466,yes,,A1 Annual Financial Report 2025,https://a1.com/wp-content/uploads/sites/6/2026/03/A1-Telekom-Austria-Group-Annual-financial-report-2025.pdf,"Segment tables, p.11-18",2026-09-09,REAL
FY2024,HR,a1-hr,ebitda,224,yes,,A1 Annual Financial Report 2025,https://a1.com/wp-content/uploads/sites/6/2026/03/A1-Telekom-Austria-Group-Annual-financial-report-2025.pdf,"Segment tables, p.11-18",2026-09-09,REAL
FY2024,HR,a1-hr,ebitdaal,186,yes,,A1 Annual Financial Report 2025,https://a1.com/wp-content/uploads/sites/6/2026/03/A1-Telekom-Austria-Group-Annual-financial-report-2025.pdf,"Segment tables, p.11-18",2026-09-09,REAL
FY2024,HR,a1-hr,ebit,100,yes,,A1 Annual Financial Report 2025,https://a1.com/wp-content/uploads/sites/6/2026/03/A1-Telekom-Austria-Group-Annual-financial-report-2025.pdf,"Segment tables, p.11-18",2026-09-09,REAL
FY2024,HR,a1-hr,capex,79,yes,,A1 Annual Financial Report 2025,https://a1.com/wp-content/uploads/sites/6/2026/03/A1-Telekom-Austria-Group-Annual-financial-report-2025.pdf,"Segment tables, p.11-18",2026-09-09,REAL
FY2024,HR,a1-hr,ebitda_margin,39.3,yes,,A1 Annual Financial Report 2025,https://a1.com/wp-content/uploads/sites/6/2026/03/A1-Telekom-Austria-Group-Annual-financial-report-2025.pdf,"Segment tables, p.11-18",2026-09-09,REAL
FY2024,HR,a1-hr,ebitdaal_margin,32.6,yes,,A1 Annual Financial Report 2025,https://a1.com/wp-content/uploads/sites/6/2026/03/A1-Telekom-Austria-Group-Annual-financial-report-2025.pdf,"Segment tables, p.11-18",2026-09-09,REAL
FY2024,HR,a1-hr,ebit_margin,17.5,yes,,A1 Annual Financial Report 2025,https://a1.com/wp-content/uploads/sites/6/2026/03/A1-Telekom-Austria-Group-Annual-financial-report-2025.pdf,"Segment tables, p.11-18",2026-09-09,REAL
FY2024,HR,a1-hr,capex_intensity,13.9,yes,,A1 Annual Financial Report 2025,https://a1.com/wp-content/uploads/sites/6/2026/03/A1-Telekom-Austria-Group-Annual-financial-report-2025.pdf,"Segment tables, p.11-18",2026-09-09,REAL
FY2024,HR,a1-hr,opfcf_margin,18.8,yes,derived: (EBITDAaL - capex) / revenue,A1 Annual Financial Report 2025,https://a1.com/wp-content/uploads/sites/6/2026/03/A1-Telekom-Austria-Group-Annual-financial-report-2025.pdf,"Segment tables, p.11-18",2026-09-09,REAL
FY2024,HR,a1-hr,opex_proxy,346,yes,derived: revenue - EBITDA,A1 Annual Financial Report 2025,https://a1.com/wp-content/uploads/sites/6/2026/03/A1-Telekom-Austria-Group-Annual-financial-report-2025.pdf,"Segment tables, p.11-18",2026-09-09,REAL
FY2025,HR,a1-hr,revenue_growth,3.9,yes,,A1 Annual Financial Report 2025,https://a1.com/wp-content/uploads/sites/6/2026/03/A1-Telekom-Austria-Group-Annual-financial-report-2025.pdf,Segment tables,2026-09-09,REAL
FY2025,HR,a1-hr,service_revenue_growth,5.2,yes,,A1 Annual Financial Report 2025,https://a1.com/wp-content/uploads/sites/6/2026/03/A1-Telekom-Austria-Group-Annual-financial-report-2025.pdf,Segment tables,2026-09-09,REAL
FY2025,HR,a1-hr,ebitdaal_growth,7.0,yes,,A1 Annual Financial Report 2025,https://a1.com/wp-content/uploads/sites/6/2026/03/A1-Telekom-Austria-Group-Annual-financial-report-2025.pdf,Segment tables,2026-09-09,REAL
FY2025,BY,a1-by,revenue,530,yes,,A1 Annual Financial Report 2025,https://a1.com/wp-content/uploads/sites/6/2026/03/A1-Telekom-Austria-Group-Annual-financial-report-2025.pdf,"Segment tables, p.11-18",2026-09-09,REAL
FY2025,BY,a1-by,service_revenue,370,yes,,A1 Annual Financial Report 2025,https://a1.com/wp-content/uploads/sites/6/2026/03/A1-Telekom-Austria-Group-Annual-financial-report-2025.pdf,"Segment tables, p.11-18",2026-09-09,REAL
FY2025,BY,a1-by,ebitda,231,yes,,A1 Annual Financial Report 2025,https://a1.com/wp-content/uploads/sites/6/2026/03/A1-Telekom-Austria-Group-Annual-financial-report-2025.pdf,"Segment tables, p.11-18",2026-09-09,REAL
FY2025,BY,a1-by,ebitdaal,220,yes,,A1 Annual Financial Report 2025,https://a1.com/wp-content/uploads/sites/6/2026/03/A1-Telekom-Austria-Group-Annual-financial-report-2025.pdf,"Segment tables, p.11-18",2026-09-09,REAL
FY2025,BY,a1-by,ebit,190,yes,,A1 Annual Financial Report 2025,https://a1.com/wp-content/uploads/sites/6/2026/03/A1-Telekom-Austria-Group-Annual-financial-report-2025.pdf,"Segment tables, p.11-18",2026-09-09,REAL
FY2025,BY,a1-by,capex,30,yes,,A1 Annual Financial Report 2025,https://a1.com/wp-content/uploads/sites/6/2026/03/A1-Telekom-Austria-Group-Annual-financial-report-2025.pdf,"Segment tables, p.11-18",2026-09-09,REAL
FY2025,BY,a1-by,ebitda_margin,43.6,yes,,A1 Annual Financial Report 2025,https://a1.com/wp-content/uploads/sites/6/2026/03/A1-Telekom-Austria-Group-Annual-financial-report-2025.pdf,"Segment tables, p.11-18",2026-09-09,REAL
FY2025,BY,a1-by,ebitdaal_margin,41.5,yes,,A1 Annual Financial Report 2025,https://a1.com/wp-content/uploads/sites/6/2026/03/A1-Telekom-Austria-Group-Annual-financial-report-2025.pdf,"Segment tables, p.11-18",2026-09-09,REAL
FY2025,BY,a1-by,ebit_margin,35.8,yes,,A1 Annual Financial Report 2025,https://a1.com/wp-content/uploads/sites/6/2026/03/A1-Telekom-Austria-Group-Annual-financial-report-2025.pdf,"Segment tables, p.11-18",2026-09-09,REAL
FY2025,BY,a1-by,capex_intensity,5.7,yes,,A1 Annual Financial Report 2025,https://a1.com/wp-content/uploads/sites/6/2026/03/A1-Telekom-Austria-Group-Annual-financial-report-2025.pdf,"Segment tables, p.11-18",2026-09-09,REAL
FY2025,BY,a1-by,opfcf_margin,35.8,yes,derived: (EBITDAaL - capex) / revenue,A1 Annual Financial Report 2025,https://a1.com/wp-content/uploads/sites/6/2026/03/A1-Telekom-Austria-Group-Annual-financial-report-2025.pdf,"Segment tables, p.11-18",2026-09-09,REAL
FY2025,BY,a1-by,opex_proxy,299,yes,derived: revenue - EBITDA,A1 Annual Financial Report 2025,https://a1.com/wp-content/uploads/sites/6/2026/03/A1-Telekom-Austria-Group-Annual-financial-report-2025.pdf,"Segment tables, p.11-18",2026-09-09,REAL
FY2024,BY,a1-by,revenue,449,yes,,A1 Annual Financial Report 2025,https://a1.com/wp-content/uploads/sites/6/2026/03/A1-Telekom-Austria-Group-Annual-financial-report-2025.pdf,"Segment tables, p.11-18",2026-09-09,REAL
FY2024,BY,a1-by,service_revenue,327,yes,,A1 Annual Financial Report 2025,https://a1.com/wp-content/uploads/sites/6/2026/03/A1-Telekom-Austria-Group-Annual-financial-report-2025.pdf,"Segment tables, p.11-18",2026-09-09,REAL
FY2024,BY,a1-by,ebitda,196,yes,,A1 Annual Financial Report 2025,https://a1.com/wp-content/uploads/sites/6/2026/03/A1-Telekom-Austria-Group-Annual-financial-report-2025.pdf,"Segment tables, p.11-18",2026-09-09,REAL
FY2024,BY,a1-by,ebitdaal,186,yes,,A1 Annual Financial Report 2025,https://a1.com/wp-content/uploads/sites/6/2026/03/A1-Telekom-Austria-Group-Annual-financial-report-2025.pdf,"Segment tables, p.11-18",2026-09-09,REAL
FY2024,BY,a1-by,ebit,155,yes,,A1 Annual Financial Report 2025,https://a1.com/wp-content/uploads/sites/6/2026/03/A1-Telekom-Austria-Group-Annual-financial-report-2025.pdf,"Segment tables, p.11-18",2026-09-09,REAL
FY2024,BY,a1-by,capex,54,yes,,A1 Annual Financial Report 2025,https://a1.com/wp-content/uploads/sites/6/2026/03/A1-Telekom-Austria-Group-Annual-financial-report-2025.pdf,"Segment tables, p.11-18",2026-09-09,REAL
FY2024,BY,a1-by,ebitda_margin,43.7,yes,,A1 Annual Financial Report 2025,https://a1.com/wp-content/uploads/sites/6/2026/03/A1-Telekom-Austria-Group-Annual-financial-report-2025.pdf,"Segment tables, p.11-18",2026-09-09,REAL
FY2024,BY,a1-by,ebitdaal_margin,41.4,yes,,A1 Annual Financial Report 2025,https://a1.com/wp-content/uploads/sites/6/2026/03/A1-Telekom-Austria-Group-Annual-financial-report-2025.pdf,"Segment tables, p.11-18",2026-09-09,REAL
FY2024,BY,a1-by,ebit_margin,34.5,yes,,A1 Annual Financial Report 2025,https://a1.com/wp-content/uploads/sites/6/2026/03/A1-Telekom-Austria-Group-Annual-financial-report-2025.pdf,"Segment tables, p.11-18",2026-09-09,REAL
FY2024,BY,a1-by,capex_intensity,12.0,yes,,A1 Annual Financial Report 2025,https://a1.com/wp-content/uploads/sites/6/2026/03/A1-Telekom-Austria-Group-Annual-financial-report-2025.pdf,"Segment tables, p.11-18",2026-09-09,REAL
FY2024,BY,a1-by,opfcf_margin,29.4,yes,derived: (EBITDAaL - capex) / revenue,A1 Annual Financial Report 2025,https://a1.com/wp-content/uploads/sites/6/2026/03/A1-Telekom-Austria-Group-Annual-financial-report-2025.pdf,"Segment tables, p.11-18",2026-09-09,REAL
FY2024,BY,a1-by,opex_proxy,253,yes,derived: revenue - EBITDA,A1 Annual Financial Report 2025,https://a1.com/wp-content/uploads/sites/6/2026/03/A1-Telekom-Austria-Group-Annual-financial-report-2025.pdf,"Segment tables, p.11-18",2026-09-09,REAL
FY2025,BY,a1-by,revenue_growth,18.0,yes,,A1 Annual Financial Report 2025,https://a1.com/wp-content/uploads/sites/6/2026/03/A1-Telekom-Austria-Group-Annual-financial-report-2025.pdf,Segment tables,2026-09-09,REAL
FY2025,BY,a1-by,service_revenue_growth,13.1,yes,,A1 Annual Financial Report 2025,https://a1.com/wp-content/uploads/sites/6/2026/03/A1-Telekom-Austria-Group-Annual-financial-report-2025.pdf,Segment tables,2026-09-09,REAL
FY2025,BY,a1-by,ebitdaal_growth,18.3,yes,,A1 Annual Financial Report 2025,https://a1.com/wp-content/uploads/sites/6/2026/03/A1-Telekom-Austria-Group-Annual-financial-report-2025.pdf,Segment tables,2026-09-09,REAL
FY2025,SI,a1-si,revenue,234,yes,,A1 Annual Financial Report 2025,https://a1.com/wp-content/uploads/sites/6/2026/03/A1-Telekom-Austria-Group-Annual-financial-report-2025.pdf,"Segment tables, p.11-18",2026-09-09,REAL
FY2025,SI,a1-si,service_revenue,179,yes,,A1 Annual Financial Report 2025,https://a1.com/wp-content/uploads/sites/6/2026/03/A1-Telekom-Austria-Group-Annual-financial-report-2025.pdf,"Segment tables, p.11-18",2026-09-09,REAL
FY2025,SI,a1-si,ebitda,49,yes,,A1 Annual Financial Report 2025,https://a1.com/wp-content/uploads/sites/6/2026/03/A1-Telekom-Austria-Group-Annual-financial-report-2025.pdf,"Segment tables, p.11-18",2026-09-09,REAL
FY2025,SI,a1-si,ebitdaal,17,yes,,A1 Annual Financial Report 2025,https://a1.com/wp-content/uploads/sites/6/2026/03/A1-Telekom-Austria-Group-Annual-financial-report-2025.pdf,"Segment tables, p.11-18",2026-09-09,REAL
FY2025,SI,a1-si,ebit,-18,yes,,A1 Annual Financial Report 2025,https://a1.com/wp-content/uploads/sites/6/2026/03/A1-Telekom-Austria-Group-Annual-financial-report-2025.pdf,"Segment tables, p.11-18",2026-09-09,REAL
FY2025,SI,a1-si,capex,21,yes,,A1 Annual Financial Report 2025,https://a1.com/wp-content/uploads/sites/6/2026/03/A1-Telekom-Austria-Group-Annual-financial-report-2025.pdf,"Segment tables, p.11-18",2026-09-09,REAL
FY2025,SI,a1-si,ebitda_margin,20.9,yes,,A1 Annual Financial Report 2025,https://a1.com/wp-content/uploads/sites/6/2026/03/A1-Telekom-Austria-Group-Annual-financial-report-2025.pdf,"Segment tables, p.11-18",2026-09-09,REAL
FY2025,SI,a1-si,ebitdaal_margin,7.3,yes,,A1 Annual Financial Report 2025,https://a1.com/wp-content/uploads/sites/6/2026/03/A1-Telekom-Austria-Group-Annual-financial-report-2025.pdf,"Segment tables, p.11-18",2026-09-09,REAL
FY2025,SI,a1-si,ebit_margin,-7.7,yes,,A1 Annual Financial Report 2025,https://a1.com/wp-content/uploads/sites/6/2026/03/A1-Telekom-Austria-Group-Annual-financial-report-2025.pdf,"Segment tables, p.11-18",2026-09-09,REAL
FY2025,SI,a1-si,capex_intensity,9.0,yes,,A1 Annual Financial Report 2025,https://a1.com/wp-content/uploads/sites/6/2026/03/A1-Telekom-Austria-Group-Annual-financial-report-2025.pdf,"Segment tables, p.11-18",2026-09-09,REAL
FY2025,SI,a1-si,opfcf_margin,-1.7,yes,derived: (EBITDAaL - capex) / revenue,A1 Annual Financial Report 2025,https://a1.com/wp-content/uploads/sites/6/2026/03/A1-Telekom-Austria-Group-Annual-financial-report-2025.pdf,"Segment tables, p.11-18",2026-09-09,REAL
FY2025,SI,a1-si,opex_proxy,185,yes,derived: revenue - EBITDA,A1 Annual Financial Report 2025,https://a1.com/wp-content/uploads/sites/6/2026/03/A1-Telekom-Austria-Group-Annual-financial-report-2025.pdf,"Segment tables, p.11-18",2026-09-09,REAL
FY2024,SI,a1-si,revenue,230,yes,,A1 Annual Financial Report 2025,https://a1.com/wp-content/uploads/sites/6/2026/03/A1-Telekom-Austria-Group-Annual-financial-report-2025.pdf,"Segment tables, p.11-18",2026-09-09,REAL
FY2024,SI,a1-si,service_revenue,177,yes,,A1 Annual Financial Report 2025,https://a1.com/wp-content/uploads/sites/6/2026/03/A1-Telekom-Austria-Group-Annual-financial-report-2025.pdf,"Segment tables, p.11-18",2026-09-09,REAL
FY2024,SI,a1-si,ebitda,52,yes,,A1 Annual Financial Report 2025,https://a1.com/wp-content/uploads/sites/6/2026/03/A1-Telekom-Austria-Group-Annual-financial-report-2025.pdf,"Segment tables, p.11-18",2026-09-09,REAL
FY2024,SI,a1-si,ebitdaal,20,yes,,A1 Annual Financial Report 2025,https://a1.com/wp-content/uploads/sites/6/2026/03/A1-Telekom-Austria-Group-Annual-financial-report-2025.pdf,"Segment tables, p.11-18",2026-09-09,REAL
FY2024,SI,a1-si,ebit,-14,yes,,A1 Annual Financial Report 2025,https://a1.com/wp-content/uploads/sites/6/2026/03/A1-Telekom-Austria-Group-Annual-financial-report-2025.pdf,"Segment tables, p.11-18",2026-09-09,REAL
FY2024,SI,a1-si,capex,21,yes,,A1 Annual Financial Report 2025,https://a1.com/wp-content/uploads/sites/6/2026/03/A1-Telekom-Austria-Group-Annual-financial-report-2025.pdf,"Segment tables, p.11-18",2026-09-09,REAL
FY2024,SI,a1-si,ebitda_margin,22.6,yes,,A1 Annual Financial Report 2025,https://a1.com/wp-content/uploads/sites/6/2026/03/A1-Telekom-Austria-Group-Annual-financial-report-2025.pdf,"Segment tables, p.11-18",2026-09-09,REAL
FY2024,SI,a1-si,ebitdaal_margin,8.7,yes,,A1 Annual Financial Report 2025,https://a1.com/wp-content/uploads/sites/6/2026/03/A1-Telekom-Austria-Group-Annual-financial-report-2025.pdf,"Segment tables, p.11-18",2026-09-09,REAL
FY2024,SI,a1-si,ebit_margin,-6.1,yes,,A1 Annual Financial Report 2025,https://a1.com/wp-content/uploads/sites/6/2026/03/A1-Telekom-Austria-Group-Annual-financial-report-2025.pdf,"Segment tables, p.11-18",2026-09-09,REAL
FY2024,SI,a1-si,capex_intensity,9.1,yes,,A1 Annual Financial Report 2025,https://a1.com/wp-content/uploads/sites/6/2026/03/A1-Telekom-Austria-Group-Annual-financial-report-2025.pdf,"Segment tables, p.11-18",2026-09-09,REAL
FY2024,SI,a1-si,opfcf_margin,-0.4,yes,derived: (EBITDAaL - capex) / revenue,A1 Annual Financial Report 2025,https://a1.com/wp-content/uploads/sites/6/2026/03/A1-Telekom-Austria-Group-Annual-financial-report-2025.pdf,"Segment tables, p.11-18",2026-09-09,REAL
FY2024,SI,a1-si,opex_proxy,178,yes,derived: revenue - EBITDA,A1 Annual Financial Report 2025,https://a1.com/wp-content/uploads/sites/6/2026/03/A1-Telekom-Austria-Group-Annual-financial-report-2025.pdf,"Segment tables, p.11-18",2026-09-09,REAL
FY2025,SI,a1-si,revenue_growth,1.7,yes,,A1 Annual Financial Report 2025,https://a1.com/wp-content/uploads/sites/6/2026/03/A1-Telekom-Austria-Group-Annual-financial-report-2025.pdf,Segment tables,2026-09-09,REAL
FY2025,SI,a1-si,service_revenue_growth,1.1,yes,,A1 Annual Financial Report 2025,https://a1.com/wp-content/uploads/sites/6/2026/03/A1-Telekom-Austria-Group-Annual-financial-report-2025.pdf,Segment tables,2026-09-09,REAL
FY2025,SI,a1-si,ebitdaal_growth,-15.0,yes,,A1 Annual Financial Report 2025,https://a1.com/wp-content/uploads/sites/6/2026/03/A1-Telekom-Austria-Group-Annual-financial-report-2025.pdf,Segment tables,2026-09-09,REAL
FY2025,RS,a1-rs,revenue,422,yes,,A1 Annual Financial Report 2025,https://a1.com/wp-content/uploads/sites/6/2026/03/A1-Telekom-Austria-Group-Annual-financial-report-2025.pdf,"Segment tables, p.11-18",2026-09-09,REAL
FY2025,RS,a1-rs,service_revenue,326,yes,,A1 Annual Financial Report 2025,https://a1.com/wp-content/uploads/sites/6/2026/03/A1-Telekom-Austria-Group-Annual-financial-report-2025.pdf,"Segment tables, p.11-18",2026-09-09,REAL
FY2025,RS,a1-rs,ebitda,152,yes,,A1 Annual Financial Report 2025,https://a1.com/wp-content/uploads/sites/6/2026/03/A1-Telekom-Austria-Group-Annual-financial-report-2025.pdf,"Segment tables, p.11-18",2026-09-09,REAL
FY2025,RS,a1-rs,ebitdaal,110,yes,,A1 Annual Financial Report 2025,https://a1.com/wp-content/uploads/sites/6/2026/03/A1-Telekom-Austria-Group-Annual-financial-report-2025.pdf,"Segment tables, p.11-18",2026-09-09,REAL
FY2025,RS,a1-rs,ebit,63,yes,,A1 Annual Financial Report 2025,https://a1.com/wp-content/uploads/sites/6/2026/03/A1-Telekom-Austria-Group-Annual-financial-report-2025.pdf,"Segment tables, p.11-18",2026-09-09,REAL
FY2025,RS,a1-rs,capex,169,yes,Includes EUR 100mn 5G spectrum in 2025 - not ex-spectrum.,A1 Annual Financial Report 2025,https://a1.com/wp-content/uploads/sites/6/2026/03/A1-Telekom-Austria-Group-Annual-financial-report-2025.pdf,"Segment tables, p.11-18",2026-09-09,REAL
FY2025,RS,a1-rs,ebitda_margin,36.0,yes,,A1 Annual Financial Report 2025,https://a1.com/wp-content/uploads/sites/6/2026/03/A1-Telekom-Austria-Group-Annual-financial-report-2025.pdf,"Segment tables, p.11-18",2026-09-09,REAL
FY2025,RS,a1-rs,ebitdaal_margin,26.1,yes,,A1 Annual Financial Report 2025,https://a1.com/wp-content/uploads/sites/6/2026/03/A1-Telekom-Austria-Group-Annual-financial-report-2025.pdf,"Segment tables, p.11-18",2026-09-09,REAL
FY2025,RS,a1-rs,ebit_margin,14.9,yes,,A1 Annual Financial Report 2025,https://a1.com/wp-content/uploads/sites/6/2026/03/A1-Telekom-Austria-Group-Annual-financial-report-2025.pdf,"Segment tables, p.11-18",2026-09-09,REAL
FY2025,RS,a1-rs,capex_intensity,40.0,yes,Includes EUR 100mn 5G spectrum in 2025 - not ex-spectrum.,A1 Annual Financial Report 2025,https://a1.com/wp-content/uploads/sites/6/2026/03/A1-Telekom-Austria-Group-Annual-financial-report-2025.pdf,"Segment tables, p.11-18",2026-09-09,REAL
FY2025,RS,a1-rs,opfcf_margin,-14.0,yes,derived: (EBITDAaL - capex) / revenue,A1 Annual Financial Report 2025,https://a1.com/wp-content/uploads/sites/6/2026/03/A1-Telekom-Austria-Group-Annual-financial-report-2025.pdf,"Segment tables, p.11-18",2026-09-09,REAL
FY2025,RS,a1-rs,opex_proxy,270,yes,derived: revenue - EBITDA,A1 Annual Financial Report 2025,https://a1.com/wp-content/uploads/sites/6/2026/03/A1-Telekom-Austria-Group-Annual-financial-report-2025.pdf,"Segment tables, p.11-18",2026-09-09,REAL
FY2024,RS,a1-rs,revenue,398,yes,,A1 Annual Financial Report 2025,https://a1.com/wp-content/uploads/sites/6/2026/03/A1-Telekom-Austria-Group-Annual-financial-report-2025.pdf,"Segment tables, p.11-18",2026-09-09,REAL
FY2024,RS,a1-rs,service_revenue,309,yes,,A1 Annual Financial Report 2025,https://a1.com/wp-content/uploads/sites/6/2026/03/A1-Telekom-Austria-Group-Annual-financial-report-2025.pdf,"Segment tables, p.11-18",2026-09-09,REAL
FY2024,RS,a1-rs,ebitda,146,yes,,A1 Annual Financial Report 2025,https://a1.com/wp-content/uploads/sites/6/2026/03/A1-Telekom-Austria-Group-Annual-financial-report-2025.pdf,"Segment tables, p.11-18",2026-09-09,REAL
FY2024,RS,a1-rs,ebitdaal,105,yes,,A1 Annual Financial Report 2025,https://a1.com/wp-content/uploads/sites/6/2026/03/A1-Telekom-Austria-Group-Annual-financial-report-2025.pdf,"Segment tables, p.11-18",2026-09-09,REAL
FY2024,RS,a1-rs,ebit,62,yes,,A1 Annual Financial Report 2025,https://a1.com/wp-content/uploads/sites/6/2026/03/A1-Telekom-Austria-Group-Annual-financial-report-2025.pdf,"Segment tables, p.11-18",2026-09-09,REAL
FY2024,RS,a1-rs,capex,33,yes,,A1 Annual Financial Report 2025,https://a1.com/wp-content/uploads/sites/6/2026/03/A1-Telekom-Austria-Group-Annual-financial-report-2025.pdf,"Segment tables, p.11-18",2026-09-09,REAL
FY2024,RS,a1-rs,ebitda_margin,36.7,yes,,A1 Annual Financial Report 2025,https://a1.com/wp-content/uploads/sites/6/2026/03/A1-Telekom-Austria-Group-Annual-financial-report-2025.pdf,"Segment tables, p.11-18",2026-09-09,REAL
FY2024,RS,a1-rs,ebitdaal_margin,26.4,yes,,A1 Annual Financial Report 2025,https://a1.com/wp-content/uploads/sites/6/2026/03/A1-Telekom-Austria-Group-Annual-financial-report-2025.pdf,"Segment tables, p.11-18",2026-09-09,REAL
FY2024,RS,a1-rs,ebit_margin,15.6,yes,,A1 Annual Financial Report 2025,https://a1.com/wp-content/uploads/sites/6/2026/03/A1-Telekom-Austria-Group-Annual-financial-report-2025.pdf,"Segment tables, p.11-18",2026-09-09,REAL
FY2024,RS,a1-rs,capex_intensity,8.3,yes,,A1 Annual Financial Report 2025,https://a1.com/wp-content/uploads/sites/6/2026/03/A1-Telekom-Austria-Group-Annual-financial-report-2025.pdf,"Segment tables, p.11-18",2026-09-09,REAL
FY2024,RS,a1-rs,opfcf_margin,18.1,yes,derived: (EBITDAaL - capex) / revenue,A1 Annual Financial Report 2025,https://a1.com/wp-content/uploads/sites/6/2026/03/A1-Telekom-Austria-Group-Annual-financial-report-2025.pdf,"Segment tables, p.11-18",2026-09-09,REAL
FY2024,RS,a1-rs,opex_proxy,252,yes,derived: revenue - EBITDA,A1 Annual Financial Report 2025,https://a1.com/wp-content/uploads/sites/6/2026/03/A1-Telekom-Austria-Group-Annual-financial-report-2025.pdf,"Segment tables, p.11-18",2026-09-09,REAL
FY2025,RS,a1-rs,revenue_growth,6.0,yes,,A1 Annual Financial Report 2025,https://a1.com/wp-content/uploads/sites/6/2026/03/A1-Telekom-Austria-Group-Annual-financial-report-2025.pdf,Segment tables,2026-09-09,REAL
FY2025,RS,a1-rs,service_revenue_growth,5.5,yes,,A1 Annual Financial Report 2025,https://a1.com/wp-content/uploads/sites/6/2026/03/A1-Telekom-Austria-Group-Annual-financial-report-2025.pdf,Segment tables,2026-09-09,REAL
FY2025,RS,a1-rs,ebitdaal_growth,4.8,yes,,A1 Annual Financial Report 2025,https://a1.com/wp-content/uploads/sites/6/2026/03/A1-Telekom-Austria-Group-Annual-financial-report-2025.pdf,Segment tables,2026-09-09,REAL
FY2025,MK,a1-mk,revenue,178,yes,,A1 Annual Financial Report 2025,https://a1.com/wp-content/uploads/sites/6/2026/03/A1-Telekom-Austria-Group-Annual-financial-report-2025.pdf,"Segment tables, p.11-18",2026-09-09,REAL
FY2025,MK,a1-mk,service_revenue,145,yes,,A1 Annual Financial Report 2025,https://a1.com/wp-content/uploads/sites/6/2026/03/A1-Telekom-Austria-Group-Annual-financial-report-2025.pdf,"Segment tables, p.11-18",2026-09-09,REAL
FY2025,MK,a1-mk,ebitda,62,yes,,A1 Annual Financial Report 2025,https://a1.com/wp-content/uploads/sites/6/2026/03/A1-Telekom-Austria-Group-Annual-financial-report-2025.pdf,"Segment tables, p.11-18",2026-09-09,REAL
FY2025,MK,a1-mk,ebitdaal,49,yes,,A1 Annual Financial Report 2025,https://a1.com/wp-content/uploads/sites/6/2026/03/A1-Telekom-Austria-Group-Annual-financial-report-2025.pdf,"Segment tables, p.11-18",2026-09-09,REAL
FY2025,MK,a1-mk,ebit,28,yes,,A1 Annual Financial Report 2025,https://a1.com/wp-content/uploads/sites/6/2026/03/A1-Telekom-Austria-Group-Annual-financial-report-2025.pdf,"Segment tables, p.11-18",2026-09-09,REAL
FY2025,MK,a1-mk,capex,20,yes,,A1 Annual Financial Report 2025,https://a1.com/wp-content/uploads/sites/6/2026/03/A1-Telekom-Austria-Group-Annual-financial-report-2025.pdf,"Segment tables, p.11-18",2026-09-09,REAL
FY2025,MK,a1-mk,ebitda_margin,34.8,yes,,A1 Annual Financial Report 2025,https://a1.com/wp-content/uploads/sites/6/2026/03/A1-Telekom-Austria-Group-Annual-financial-report-2025.pdf,"Segment tables, p.11-18",2026-09-09,REAL
FY2025,MK,a1-mk,ebitdaal_margin,27.5,yes,,A1 Annual Financial Report 2025,https://a1.com/wp-content/uploads/sites/6/2026/03/A1-Telekom-Austria-Group-Annual-financial-report-2025.pdf,"Segment tables, p.11-18",2026-09-09,REAL
FY2025,MK,a1-mk,ebit_margin,15.7,yes,,A1 Annual Financial Report 2025,https://a1.com/wp-content/uploads/sites/6/2026/03/A1-Telekom-Austria-Group-Annual-financial-report-2025.pdf,"Segment tables, p.11-18",2026-09-09,REAL
FY2025,MK,a1-mk,capex_intensity,11.2,yes,,A1 Annual Financial Report 2025,https://a1.com/wp-content/uploads/sites/6/2026/03/A1-Telekom-Austria-Group-Annual-financial-report-2025.pdf,"Segment tables, p.11-18",2026-09-09,REAL
FY2025,MK,a1-mk,opfcf_margin,16.3,yes,derived: (EBITDAaL - capex) / revenue,A1 Annual Financial Report 2025,https://a1.com/wp-content/uploads/sites/6/2026/03/A1-Telekom-Austria-Group-Annual-financial-report-2025.pdf,"Segment tables, p.11-18",2026-09-09,REAL
FY2025,MK,a1-mk,opex_proxy,116,yes,derived: revenue - EBITDA,A1 Annual Financial Report 2025,https://a1.com/wp-content/uploads/sites/6/2026/03/A1-Telekom-Austria-Group-Annual-financial-report-2025.pdf,"Segment tables, p.11-18",2026-09-09,REAL
FY2024,MK,a1-mk,revenue,164,yes,,A1 Annual Financial Report 2025,https://a1.com/wp-content/uploads/sites/6/2026/03/A1-Telekom-Austria-Group-Annual-financial-report-2025.pdf,"Segment tables, p.11-18",2026-09-09,REAL
FY2024,MK,a1-mk,service_revenue,135,yes,,A1 Annual Financial Report 2025,https://a1.com/wp-content/uploads/sites/6/2026/03/A1-Telekom-Austria-Group-Annual-financial-report-2025.pdf,"Segment tables, p.11-18",2026-09-09,REAL
FY2024,MK,a1-mk,ebitda,57,yes,,A1 Annual Financial Report 2025,https://a1.com/wp-content/uploads/sites/6/2026/03/A1-Telekom-Austria-Group-Annual-financial-report-2025.pdf,"Segment tables, p.11-18",2026-09-09,REAL
FY2024,MK,a1-mk,ebitdaal,44,yes,,A1 Annual Financial Report 2025,https://a1.com/wp-content/uploads/sites/6/2026/03/A1-Telekom-Austria-Group-Annual-financial-report-2025.pdf,"Segment tables, p.11-18",2026-09-09,REAL
FY2024,MK,a1-mk,ebit,24,yes,,A1 Annual Financial Report 2025,https://a1.com/wp-content/uploads/sites/6/2026/03/A1-Telekom-Austria-Group-Annual-financial-report-2025.pdf,"Segment tables, p.11-18",2026-09-09,REAL
FY2024,MK,a1-mk,capex,21,yes,,A1 Annual Financial Report 2025,https://a1.com/wp-content/uploads/sites/6/2026/03/A1-Telekom-Austria-Group-Annual-financial-report-2025.pdf,"Segment tables, p.11-18",2026-09-09,REAL
FY2024,MK,a1-mk,ebitda_margin,34.8,yes,,A1 Annual Financial Report 2025,https://a1.com/wp-content/uploads/sites/6/2026/03/A1-Telekom-Austria-Group-Annual-financial-report-2025.pdf,"Segment tables, p.11-18",2026-09-09,REAL
FY2024,MK,a1-mk,ebitdaal_margin,26.8,yes,,A1 Annual Financial Report 2025,https://a1.com/wp-content/uploads/sites/6/2026/03/A1-Telekom-Austria-Group-Annual-financial-report-2025.pdf,"Segment tables, p.11-18",2026-09-09,REAL
FY2024,MK,a1-mk,ebit_margin,14.6,yes,,A1 Annual Financial Report 2025,https://a1.com/wp-content/uploads/sites/6/2026/03/A1-Telekom-Austria-Group-Annual-financial-report-2025.pdf,"Segment tables, p.11-18",2026-09-09,REAL
FY2024,MK,a1-mk,capex_intensity,12.8,yes,,A1 Annual Financial Report 2025,https://a1.com/wp-content/uploads/sites/6/2026/03/A1-Telekom-Austria-Group-Annual-financial-report-2025.pdf,"Segment tables, p.11-18",2026-09-09,REAL
FY2024,MK,a1-mk,opfcf_margin,14.0,yes,derived: (EBITDAaL - capex) / revenue,A1 Annual Financial Report 2025,https://a1.com/wp-content/uploads/sites/6/2026/03/A1-Telekom-Austria-Group-Annual-financial-report-2025.pdf,"Segment tables, p.11-18",2026-09-09,REAL
FY2024,MK,a1-mk,opex_proxy,107,yes,derived: revenue - EBITDA,A1 Annual Financial Report 2025,https://a1.com/wp-content/uploads/sites/6/2026/03/A1-Telekom-Austria-Group-Annual-financial-report-2025.pdf,"Segment tables, p.11-18",2026-09-09,REAL
FY2025,MK,a1-mk,revenue_growth,8.5,yes,,A1 Annual Financial Report 2025,https://a1.com/wp-content/uploads/sites/6/2026/03/A1-Telekom-Austria-Group-Annual-financial-report-2025.pdf,Segment tables,2026-09-09,REAL
FY2025,MK,a1-mk,service_revenue_growth,7.4,yes,,A1 Annual Financial Report 2025,https://a1.com/wp-content/uploads/sites/6/2026/03/A1-Telekom-Austria-Group-Annual-financial-report-2025.pdf,Segment tables,2026-09-09,REAL
FY2025,MK,a1-mk,ebitdaal_growth,11.4,yes,,A1 Annual Financial Report 2025,https://a1.com/wp-content/uploads/sites/6/2026/03/A1-Telekom-Austria-Group-Annual-financial-report-2025.pdf,Segment tables,2026-09-09,REAL
FY2025,AT,a1-at,ebitdaal_margin_lfl,32.8,yes,"Like-for-like: EUR 96mn restructuring added back, international transit revenue excluded. Compare THIS against Magenta's adjusted figure, not the reported margin.",A1 Annual Financial Report 2025 (derived),https://a1.com/wp-content/uploads/sites/6/2026/03/A1-Telekom-Austria-Group-Annual-financial-report-2025.pdf,Segment Austria,2026-09-09,REAL
FY2025,AT,magenta-at,revenue,1507,no,"Deutsche Telekom Europe segment, Austria. ADJUSTED EBITDA AL - special factors removed. DT does not disclose Austria service revenue, capex, EBIT or subscribers separately.","DT Annual Report 2025, Europe",https://report.telekom.com/annual-report-2025/management-report/development-of-business-in-the-operating-segments/europe.html,Development of operations - Europe,2026-09-09,REAL
FY2025,AT,magenta-at,ebitdaal,555,no,"Deutsche Telekom Europe segment, Austria. ADJUSTED EBITDA AL - special factors removed. DT does not disclose Austria service revenue, capex, EBIT or subscribers separately.","DT Annual Report 2025, Europe",https://report.telekom.com/annual-report-2025/management-report/development-of-business-in-the-operating-segments/europe.html,Development of operations - Europe,2026-09-09,REAL
FY2025,AT,magenta-at,ebitdaal_margin,36.8,no,"Deutsche Telekom Europe segment, Austria. ADJUSTED EBITDA AL - special factors removed. DT does not disclose Austria service revenue, capex, EBIT or subscribers separately.","DT Annual Report 2025, Europe",https://report.telekom.com/annual-report-2025/management-report/development-of-business-in-the-operating-segments/europe.html,Development of operations - Europe,2026-09-09,REAL
FY2024,AT,magenta-at,revenue,1494,no,"Deutsche Telekom Europe segment, Austria. ADJUSTED EBITDA AL - special factors removed. DT does not disclose Austria service revenue, capex, EBIT or subscribers separately.","DT Annual Report 2025, Europe",https://report.telekom.com/annual-report-2025/management-report/development-of-business-in-the-operating-segments/europe.html,Development of operations - Europe,2026-09-09,REAL
FY2024,AT,magenta-at,ebitdaal,546,no,"Deutsche Telekom Europe segment, Austria. ADJUSTED EBITDA AL - special factors removed. DT does not disclose Austria service revenue, capex, EBIT or subscribers separately.","DT Annual Report 2025, Europe",https://report.telekom.com/annual-report-2025/management-report/development-of-business-in-the-operating-segments/europe.html,Development of operations - Europe,2026-09-09,REAL
FY2024,AT,magenta-at,ebitdaal_margin,36.5,no,"Deutsche Telekom Europe segment, Austria. ADJUSTED EBITDA AL - special factors removed. DT does not disclose Austria service revenue, capex, EBIT or subscribers separately.","DT Annual Report 2025, Europe",https://report.telekom.com/annual-report-2025/management-report/development-of-business-in-the-operating-segments/europe.html,Development of operations - Europe,2026-09-09,REAL
FY2025,AT,magenta-at,revenue_growth,0.9,no,"Deutsche Telekom Europe segment, Austria. ADJUSTED EBITDA AL - special factors removed. DT does not disclose Austria service revenue, capex, EBIT or subscribers separately.","DT Annual Report 2025, Europe",https://report.telekom.com/annual-report-2025/management-report/development-of-business-in-the-operating-segments/europe.html,Austria,2026-09-09,REAL
FY2025,AT,magenta-at,ebitdaal_growth,1.6,no,"Deutsche Telekom Europe segment, Austria. ADJUSTED EBITDA AL - special factors removed. DT does not disclose Austria service revenue, capex, EBIT or subscribers separately.","DT Annual Report 2025, Europe",https://report.telekom.com/annual-report-2025/management-report/development-of-business-in-the-operating-segments/europe.html,Austria,2026-09-09,REAL
FY2025,HR,ht-hr,revenue,1049.1,no,"HT Group in Croatia segment - excludes Crnogorski Telekom and HT Eronet. ADJUSTED EBITDA AL. Cross-checked against DT's annual report, which shows EUR 395mn for Croatia. Capex is CAPEX AL (includes leases); A1 capex excludes them.",HT Group FY2025 Results,https://static.hrvatskitelekom.hr/webresources/tht/pdf/investitori/rezultati/en/2025/q4/HT_Group_2025_Results_ENG.pdf,p.7 HT Group in Croatia,2026-09-09,REAL
FY2025,HR,ht-hr,service_revenue,719.4,no,"HT Group in Croatia segment - excludes Crnogorski Telekom and HT Eronet. ADJUSTED EBITDA AL. Cross-checked against DT's annual report, which shows EUR 395mn for Croatia. Capex is CAPEX AL (includes leases); A1 capex excludes them.",HT Group FY2025 Results,https://static.hrvatskitelekom.hr/webresources/tht/pdf/investitori/rezultati/en/2025/q4/HT_Group_2025_Results_ENG.pdf,p.7 HT Group in Croatia,2026-09-09,REAL
FY2025,HR,ht-hr,ebitdaal,396.0,no,"HT Group in Croatia segment - excludes Crnogorski Telekom and HT Eronet. ADJUSTED EBITDA AL. Cross-checked against DT's annual report, which shows EUR 395mn for Croatia. Capex is CAPEX AL (includes leases); A1 capex excludes them.",HT Group FY2025 Results,https://static.hrvatskitelekom.hr/webresources/tht/pdf/investitori/rezultati/en/2025/q4/HT_Group_2025_Results_ENG.pdf,p.7 HT Group in Croatia,2026-09-09,REAL
FY2025,HR,ht-hr,ebit,172.6,no,"HT Group in Croatia segment - excludes Crnogorski Telekom and HT Eronet. ADJUSTED EBITDA AL. Cross-checked against DT's annual report, which shows EUR 395mn for Croatia. Capex is CAPEX AL (includes leases); A1 capex excludes them.",HT Group FY2025 Results,https://static.hrvatskitelekom.hr/webresources/tht/pdf/investitori/rezultati/en/2025/q4/HT_Group_2025_Results_ENG.pdf,p.7 HT Group in Croatia,2026-09-09,REAL
FY2025,HR,ht-hr,capex,249.8,no,"HT Group in Croatia segment - excludes Crnogorski Telekom and HT Eronet. ADJUSTED EBITDA AL. Cross-checked against DT's annual report, which shows EUR 395mn for Croatia. Capex is CAPEX AL (includes leases); A1 capex excludes them.",HT Group FY2025 Results,https://static.hrvatskitelekom.hr/webresources/tht/pdf/investitori/rezultati/en/2025/q4/HT_Group_2025_Results_ENG.pdf,p.7 HT Group in Croatia,2026-09-09,REAL
FY2025,HR,ht-hr,mobile_subs,2539,no,"HT Group in Croatia segment - excludes Crnogorski Telekom and HT Eronet. ADJUSTED EBITDA AL. Cross-checked against DT's annual report, which shows EUR 395mn for Croatia. Capex is CAPEX AL (includes leases); A1 capex excludes them.",HT Group FY2025 Results,https://static.hrvatskitelekom.hr/webresources/tht/pdf/investitori/rezultati/en/2025/q4/HT_Group_2025_Results_ENG.pdf,p.7 HT Group in Croatia,2026-09-09,REAL
FY2025,HR,ht-hr,ebitdaal_margin,37.7,no,"HT Group in Croatia segment - excludes Crnogorski Telekom and HT Eronet. ADJUSTED EBITDA AL. Cross-checked against DT's annual report, which shows EUR 395mn for Croatia. Capex is CAPEX AL (includes leases); A1 capex excludes them.",HT Group FY2025 Results,https://static.hrvatskitelekom.hr/webresources/tht/pdf/investitori/rezultati/en/2025/q4/HT_Group_2025_Results_ENG.pdf,p.7 HT Group in Croatia,2026-09-09,REAL
FY2025,HR,ht-hr,ebit_margin,16.5,no,"HT Group in Croatia segment - excludes Crnogorski Telekom and HT Eronet. ADJUSTED EBITDA AL. Cross-checked against DT's annual report, which shows EUR 395mn for Croatia. Capex is CAPEX AL (includes leases); A1 capex excludes them.",HT Group FY2025 Results,https://static.hrvatskitelekom.hr/webresources/tht/pdf/investitori/rezultati/en/2025/q4/HT_Group_2025_Results_ENG.pdf,p.7 HT Group in Croatia,2026-09-09,REAL
FY2025,HR,ht-hr,capex_intensity,23.8,no,"HT Group in Croatia segment - excludes Crnogorski Telekom and HT Eronet. ADJUSTED EBITDA AL. Cross-checked against DT's annual report, which shows EUR 395mn for Croatia. Capex is CAPEX AL (includes leases); A1 capex excludes them.",HT Group FY2025 Results,https://static.hrvatskitelekom.hr/webresources/tht/pdf/investitori/rezultati/en/2025/q4/HT_Group_2025_Results_ENG.pdf,p.7 HT Group in Croatia,2026-09-09,REAL
FY2025,HR,ht-hr,opfcf_margin,13.9,no,"HT Group in Croatia segment - excludes Crnogorski Telekom and HT Eronet. ADJUSTED EBITDA AL. Cross-checked against DT's annual report, which shows EUR 395mn for Croatia. Capex is CAPEX AL (includes leases); A1 capex excludes them.",HT Group FY2025 Results,https://static.hrvatskitelekom.hr/webresources/tht/pdf/investitori/rezultati/en/2025/q4/HT_Group_2025_Results_ENG.pdf,p.7 HT Group in Croatia,2026-09-09,REAL
FY2025,HR,ht-hr,arpu_mobile,11.3,no,"HT Group in Croatia segment - excludes Crnogorski Telekom and HT Eronet. ADJUSTED EBITDA AL. Cross-checked against DT's annual report, which shows EUR 395mn for Croatia. Capex is CAPEX AL (includes leases); A1 capex excludes them. HT still publishes blended mobile ARPU; A1 stopped disclosing it per market from FY2025.",HT Group FY2025 Results,https://static.hrvatskitelekom.hr/webresources/tht/pdf/investitori/rezultati/en/2025/q4/HT_Group_2025_Results_ENG.pdf,p.7,2026-09-09,REAL
FY2024,HR,ht-hr,revenue,1012.3,no,"HT Group in Croatia segment - excludes Crnogorski Telekom and HT Eronet. ADJUSTED EBITDA AL. Cross-checked against DT's annual report, which shows EUR 395mn for Croatia. Capex is CAPEX AL (includes leases); A1 capex excludes them.",HT Group FY2025 Results,https://static.hrvatskitelekom.hr/webresources/tht/pdf/investitori/rezultati/en/2025/q4/HT_Group_2025_Results_ENG.pdf,p.7 HT Group in Croatia,2026-09-09,REAL
FY2024,HR,ht-hr,service_revenue,692.9,no,"HT Group in Croatia segment - excludes Crnogorski Telekom and HT Eronet. ADJUSTED EBITDA AL. Cross-checked against DT's annual report, which shows EUR 395mn for Croatia. Capex is CAPEX AL (includes leases); A1 capex excludes them.",HT Group FY2025 Results,https://static.hrvatskitelekom.hr/webresources/tht/pdf/investitori/rezultati/en/2025/q4/HT_Group_2025_Results_ENG.pdf,p.7 HT Group in Croatia,2026-09-09,REAL
FY2024,HR,ht-hr,ebitdaal,384.1,no,"HT Group in Croatia segment - excludes Crnogorski Telekom and HT Eronet. ADJUSTED EBITDA AL. Cross-checked against DT's annual report, which shows EUR 395mn for Croatia. Capex is CAPEX AL (includes leases); A1 capex excludes them.",HT Group FY2025 Results,https://static.hrvatskitelekom.hr/webresources/tht/pdf/investitori/rezultati/en/2025/q4/HT_Group_2025_Results_ENG.pdf,p.7 HT Group in Croatia,2026-09-09,REAL
FY2024,HR,ht-hr,ebit,171.2,no,"HT Group in Croatia segment - excludes Crnogorski Telekom and HT Eronet. ADJUSTED EBITDA AL. Cross-checked against DT's annual report, which shows EUR 395mn for Croatia. Capex is CAPEX AL (includes leases); A1 capex excludes them.",HT Group FY2025 Results,https://static.hrvatskitelekom.hr/webresources/tht/pdf/investitori/rezultati/en/2025/q4/HT_Group_2025_Results_ENG.pdf,p.7 HT Group in Croatia,2026-09-09,REAL
FY2024,HR,ht-hr,capex,222.2,no,"HT Group in Croatia segment - excludes Crnogorski Telekom and HT Eronet. ADJUSTED EBITDA AL. Cross-checked against DT's annual report, which shows EUR 395mn for Croatia. Capex is CAPEX AL (includes leases); A1 capex excludes them.",HT Group FY2025 Results,https://static.hrvatskitelekom.hr/webresources/tht/pdf/investitori/rezultati/en/2025/q4/HT_Group_2025_Results_ENG.pdf,p.7 HT Group in Croatia,2026-09-09,REAL
FY2024,HR,ht-hr,mobile_subs,2477,no,"HT Group in Croatia segment - excludes Crnogorski Telekom and HT Eronet. ADJUSTED EBITDA AL. Cross-checked against DT's annual report, which shows EUR 395mn for Croatia. Capex is CAPEX AL (includes leases); A1 capex excludes them.",HT Group FY2025 Results,https://static.hrvatskitelekom.hr/webresources/tht/pdf/investitori/rezultati/en/2025/q4/HT_Group_2025_Results_ENG.pdf,p.7 HT Group in Croatia,2026-09-09,REAL
FY2024,HR,ht-hr,ebitdaal_margin,37.9,no,"HT Group in Croatia segment - excludes Crnogorski Telekom and HT Eronet. ADJUSTED EBITDA AL. Cross-checked against DT's annual report, which shows EUR 395mn for Croatia. Capex is CAPEX AL (includes leases); A1 capex excludes them.",HT Group FY2025 Results,https://static.hrvatskitelekom.hr/webresources/tht/pdf/investitori/rezultati/en/2025/q4/HT_Group_2025_Results_ENG.pdf,p.7 HT Group in Croatia,2026-09-09,REAL
FY2024,HR,ht-hr,ebit_margin,16.9,no,"HT Group in Croatia segment - excludes Crnogorski Telekom and HT Eronet. ADJUSTED EBITDA AL. Cross-checked against DT's annual report, which shows EUR 395mn for Croatia. Capex is CAPEX AL (includes leases); A1 capex excludes them.",HT Group FY2025 Results,https://static.hrvatskitelekom.hr/webresources/tht/pdf/investitori/rezultati/en/2025/q4/HT_Group_2025_Results_ENG.pdf,p.7 HT Group in Croatia,2026-09-09,REAL
FY2024,HR,ht-hr,capex_intensity,22.0,no,"HT Group in Croatia segment - excludes Crnogorski Telekom and HT Eronet. ADJUSTED EBITDA AL. Cross-checked against DT's annual report, which shows EUR 395mn for Croatia. Capex is CAPEX AL (includes leases); A1 capex excludes them.",HT Group FY2025 Results,https://static.hrvatskitelekom.hr/webresources/tht/pdf/investitori/rezultati/en/2025/q4/HT_Group_2025_Results_ENG.pdf,p.7 HT Group in Croatia,2026-09-09,REAL
FY2024,HR,ht-hr,opfcf_margin,16.0,no,"HT Group in Croatia segment - excludes Crnogorski Telekom and HT Eronet. ADJUSTED EBITDA AL. Cross-checked against DT's annual report, which shows EUR 395mn for Croatia. Capex is CAPEX AL (includes leases); A1 capex excludes them.",HT Group FY2025 Results,https://static.hrvatskitelekom.hr/webresources/tht/pdf/investitori/rezultati/en/2025/q4/HT_Group_2025_Results_ENG.pdf,p.7 HT Group in Croatia,2026-09-09,REAL
FY2024,HR,ht-hr,arpu_mobile,11.2,no,"HT Group in Croatia segment - excludes Crnogorski Telekom and HT Eronet. ADJUSTED EBITDA AL. Cross-checked against DT's annual report, which shows EUR 395mn for Croatia. Capex is CAPEX AL (includes leases); A1 capex excludes them. HT still publishes blended mobile ARPU; A1 stopped disclosing it per market from FY2025.",HT Group FY2025 Results,https://static.hrvatskitelekom.hr/webresources/tht/pdf/investitori/rezultati/en/2025/q4/HT_Group_2025_Results_ENG.pdf,p.7,2026-09-09,REAL
FY2025,HR,ht-hr,revenue_growth,3.6,no,"HT Group in Croatia segment - excludes Crnogorski Telekom and HT Eronet. ADJUSTED EBITDA AL. Cross-checked against DT's annual report, which shows EUR 395mn for Croatia. Capex is CAPEX AL (includes leases); A1 capex excludes them.",HT Group FY2025 Results,https://static.hrvatskitelekom.hr/webresources/tht/pdf/investitori/rezultati/en/2025/q4/HT_Group_2025_Results_ENG.pdf,p.7,2026-09-09,REAL
FY2025,HR,ht-hr,service_revenue_growth,3.8,no,"HT Group in Croatia segment - excludes Crnogorski Telekom and HT Eronet. ADJUSTED EBITDA AL. Cross-checked against DT's annual report, which shows EUR 395mn for Croatia. Capex is CAPEX AL (includes leases); A1 capex excludes them. Mobile + fixed service revenue; excludes System Solutions, which A1 counts as service revenue.",HT Group FY2025 Results,https://static.hrvatskitelekom.hr/webresources/tht/pdf/investitori/rezultati/en/2025/q4/HT_Group_2025_Results_ENG.pdf,p.7,2026-09-09,REAL
FY2025,HR,ht-hr,ebitdaal_growth,3.1,no,"HT Group in Croatia segment - excludes Crnogorski Telekom and HT Eronet. ADJUSTED EBITDA AL. Cross-checked against DT's annual report, which shows EUR 395mn for Croatia. Capex is CAPEX AL (includes leases); A1 capex excludes them.",HT Group FY2025 Results,https://static.hrvatskitelekom.hr/webresources/tht/pdf/investitori/rezultati/en/2025/q4/HT_Group_2025_Results_ENG.pdf,p.7,2026-09-09,REAL
FY2025,SI,telekom-si,revenue,740.5,no,"TELEKOM SLOVENIJE GROUP, not Slovenia standalone - consolidates subsidiaries outside Slovenia. Publishes EBITDA only, never EBITDAaL, so no lease-adjusted comparison is possible. Indicative until the Slovenia segment is sourced.",Telekom Slovenije FY2025 results,https://www.telekom.si/en/about-us/investor-relations/public-releases,FY2025 results release,2026-09-09,REAL
FY2025,SI,telekom-si,ebitda,256.8,no,"TELEKOM SLOVENIJE GROUP, not Slovenia standalone - consolidates subsidiaries outside Slovenia. Publishes EBITDA only, never EBITDAaL, so no lease-adjusted comparison is possible. Indicative until the Slovenia segment is sourced.",Telekom Slovenije FY2025 results,https://www.telekom.si/en/about-us/investor-relations/public-releases,FY2025 results release,2026-09-09,REAL
FY2025,SI,telekom-si,ebit,82.0,no,"TELEKOM SLOVENIJE GROUP, not Slovenia standalone - consolidates subsidiaries outside Slovenia. Publishes EBITDA only, never EBITDAaL, so no lease-adjusted comparison is possible. Indicative until the Slovenia segment is sourced.",Telekom Slovenije FY2025 results,https://www.telekom.si/en/about-us/investor-relations/public-releases,FY2025 results release,2026-09-09,REAL
FY2025,SI,telekom-si,ebitda_margin,34.7,no,"TELEKOM SLOVENIJE GROUP, not Slovenia standalone - consolidates subsidiaries outside Slovenia. Publishes EBITDA only, never EBITDAaL, so no lease-adjusted comparison is possible. Indicative until the Slovenia segment is sourced.",Telekom Slovenije FY2025 results,https://www.telekom.si/en/about-us/investor-relations/public-releases,FY2025 results release,2026-09-09,REAL
FY2025,SI,telekom-si,ebit_margin,11.1,no,"TELEKOM SLOVENIJE GROUP, not Slovenia standalone - consolidates subsidiaries outside Slovenia. Publishes EBITDA only, never EBITDAaL, so no lease-adjusted comparison is possible. Indicative until the Slovenia segment is sourced.",Telekom Slovenije FY2025 results,https://www.telekom.si/en/about-us/investor-relations/public-releases,FY2025 results release,2026-09-09,REAL
FY2025,SI,telekom-si,opex_proxy,483.7,no,"TELEKOM SLOVENIJE GROUP, not Slovenia standalone - consolidates subsidiaries outside Slovenia. Publishes EBITDA only, never EBITDAaL, so no lease-adjusted comparison is possible. Indicative until the Slovenia segment is sourced.",Telekom Slovenije FY2025 results,https://www.telekom.si/en/about-us/investor-relations/public-releases,FY2025 results release,2026-09-09,REAL
FY2024,SI,telekom-si,revenue,712.4,no,"TELEKOM SLOVENIJE GROUP, not Slovenia standalone - consolidates subsidiaries outside Slovenia. Publishes EBITDA only, never EBITDAaL, so no lease-adjusted comparison is possible. Indicative until the Slovenia segment is sourced.",Telekom Slovenije FY2025 results,https://www.telekom.si/en/about-us/investor-relations/public-releases,FY2025 results release,2026-09-09,REAL
FY2024,SI,telekom-si,ebitda,240.3,no,"TELEKOM SLOVENIJE GROUP, not Slovenia standalone - consolidates subsidiaries outside Slovenia. Publishes EBITDA only, never EBITDAaL, so no lease-adjusted comparison is possible. Indicative until the Slovenia segment is sourced.",Telekom Slovenije FY2025 results,https://www.telekom.si/en/about-us/investor-relations/public-releases,FY2025 results release,2026-09-09,REAL
FY2024,SI,telekom-si,ebit,72.6,no,"TELEKOM SLOVENIJE GROUP, not Slovenia standalone - consolidates subsidiaries outside Slovenia. Publishes EBITDA only, never EBITDAaL, so no lease-adjusted comparison is possible. Indicative until the Slovenia segment is sourced.",Telekom Slovenije FY2025 results,https://www.telekom.si/en/about-us/investor-relations/public-releases,FY2025 results release,2026-09-09,REAL
FY2024,SI,telekom-si,ebitda_margin,33.7,no,"TELEKOM SLOVENIJE GROUP, not Slovenia standalone - consolidates subsidiaries outside Slovenia. Publishes EBITDA only, never EBITDAaL, so no lease-adjusted comparison is possible. Indicative until the Slovenia segment is sourced.",Telekom Slovenije FY2025 results,https://www.telekom.si/en/about-us/investor-relations/public-releases,FY2025 results release,2026-09-09,REAL
FY2024,SI,telekom-si,ebit_margin,10.2,no,"TELEKOM SLOVENIJE GROUP, not Slovenia standalone - consolidates subsidiaries outside Slovenia. Publishes EBITDA only, never EBITDAaL, so no lease-adjusted comparison is possible. Indicative until the Slovenia segment is sourced.",Telekom Slovenije FY2025 results,https://www.telekom.si/en/about-us/investor-relations/public-releases,FY2025 results release,2026-09-09,REAL
FY2024,SI,telekom-si,opex_proxy,472.1,no,"TELEKOM SLOVENIJE GROUP, not Slovenia standalone - consolidates subsidiaries outside Slovenia. Publishes EBITDA only, never EBITDAaL, so no lease-adjusted comparison is possible. Indicative until the Slovenia segment is sourced.",Telekom Slovenije FY2025 results,https://www.telekom.si/en/about-us/investor-relations/public-releases,FY2025 results release,2026-09-09,REAL
FY2025,SI,telekom-si,revenue_growth,4.0,no,"TELEKOM SLOVENIJE GROUP, not Slovenia standalone - consolidates subsidiaries outside Slovenia. Publishes EBITDA only, never EBITDAaL, so no lease-adjusted comparison is possible. Indicative until the Slovenia segment is sourced.",Telekom Slovenije FY2025 results,https://www.telekom.si/en/about-us/investor-relations/public-releases,FY2025,2026-09-09,REAL
H1_2026,BG,vivacom-bg,revenue,392.3,no,"United Group, ADJUSTED EBITDAal per market. H1 2026 is a SIX-MONTH period and cannot be compared against A1's full year. Shown for reference only.",United Group H1 2026 results,https://united.group/united-group-b-v-s-portfolio-strategy-delivers-double-digit-revenue-and-earnings-growth-in-h1-2026/,H1 2026 release,2026-09-09,REAL
H1_2026,BG,vivacom-bg,ebitdaal,163.7,no,"United Group, ADJUSTED EBITDAal per market. H1 2026 is a SIX-MONTH period and cannot be compared against A1's full year. Shown for reference only.",United Group H1 2026 results,https://united.group/united-group-b-v-s-portfolio-strategy-delivers-double-digit-revenue-and-earnings-growth-in-h1-2026/,H1 2026 release,2026-09-09,REAL
H1_2026,BG,vivacom-bg,capex,56.5,no,"United Group, ADJUSTED EBITDAal per market. H1 2026 is a SIX-MONTH period and cannot be compared against A1's full year. Shown for reference only.",United Group H1 2026 results,https://united.group/united-group-b-v-s-portfolio-strategy-delivers-double-digit-revenue-and-earnings-growth-in-h1-2026/,H1 2026 release,2026-09-09,REAL
H1_2026,BG,vivacom-bg,ebitdaal_margin,41.7,no,"United Group, ADJUSTED EBITDAal per market. H1 2026 is a SIX-MONTH period and cannot be compared against A1's full year. Shown for reference only.",United Group H1 2026 results,https://united.group/united-group-b-v-s-portfolio-strategy-delivers-double-digit-revenue-and-earnings-growth-in-h1-2026/,H1 2026 release,2026-09-09,REAL
H1_2026,BG,vivacom-bg,capex_intensity,14.4,no,"United Group, ADJUSTED EBITDAal per market. H1 2026 is a SIX-MONTH period and cannot be compared against A1's full year. Shown for reference only.",United Group H1 2026 results,https://united.group/united-group-b-v-s-portfolio-strategy-delivers-double-digit-revenue-and-earnings-growth-in-h1-2026/,H1 2026 release,2026-09-09,REAL
H1_2026,BG,vivacom-bg,opfcf_margin,27.3,no,"United Group, ADJUSTED EBITDAal per market. H1 2026 is a SIX-MONTH period and cannot be compared against A1's full year. Shown for reference only.",United Group H1 2026 results,https://united.group/united-group-b-v-s-portfolio-strategy-delivers-double-digit-revenue-and-earnings-growth-in-h1-2026/,H1 2026 release,2026-09-09,REAL
 
